rlz_id,branch_path,weight
0,b1~b1,8.6799997e-04
1,b1~b2,8.6799997e-04
2,b10~b1,8.6799997e-04
3,b10~b2,8.6799997e-04
4,b100~b1,8.6799997e-04
5,b100~b2,8.6799997e-04
6,b101~b1,8.6799997e-04
7,b101~b2,8.6799997e-04
8,b102~b1,8.6799997e-04
9,b102~b2,8.6799997e-04
10,b103~b1,8.6799997e-04
11,b103~b2,8.6799997e-04
12,b104~b1,8.6799997e-04
13,b104~b2,8.6799997e-04
14,b105~b1,8.6799997e-04
15,b105~b2,8.6799997e-04
16,b106~b1,8.6799997e-04
17,b106~b2,8.6799997e-04
18,b107~b1,8.6799997e-04
19,b107~b2,8.6799997e-04
20,b108~b1,8.6799997e-04
21,b108~b2,8.6799997e-04
22,b109~b1,8.6799997e-04
23,b109~b2,8.6799997e-04
24,b11~b1,8.6799997e-04
25,b11~b2,8.6799997e-04
26,b110~b1,8.6799997e-04
27,b110~b2,8.6799997e-04
28,b111~b1,8.6799997e-04
29,b111~b2,8.6799997e-04
30,b112~b1,8.6799997e-04
31,b112~b2,8.6799997e-04
32,b113~b1,8.6799997e-04
33,b113~b2,8.6799997e-04
34,b114~b1,8.6799997e-04
35,b114~b2,8.6799997e-04
36,b115~b1,8.6799997e-04
37,b115~b2,8.6799997e-04
38,b116~b1,8.6799997e-04
39,b116~b2,8.6799997e-04
40,b117~b1,8.6799997e-04
41,b117~b2,8.6799997e-04
42,b118~b1,8.6799997e-04
43,b118~b2,8.6799997e-04
44,b119~b1,8.6799997e-04
45,b119~b2,8.6799997e-04
46,b12~b1,8.6799997e-04
47,b12~b2,8.6799997e-04
48,b120~b1,8.6799997e-04
49,b120~b2,8.6799997e-04
50,b121~b1,8.6799997e-04
51,b121~b2,8.6799997e-04
52,b122~b1,8.6799997e-04
53,b122~b2,8.6799997e-04
54,b123~b1,8.6799997e-04
55,b123~b2,8.6799997e-04
56,b124~b1,8.6799997e-04
57,b124~b2,8.6799997e-04
58,b125~b1,8.6799997e-04
59,b125~b2,8.6799997e-04
60,b126~b1,8.6799997e-04
61,b126~b2,8.6799997e-04
62,b127~b1,8.6799997e-04
63,b127~b2,8.6799997e-04
64,b128~b1,8.6799997e-04
65,b128~b2,8.6799997e-04
66,b129~b1,8.6799997e-04
67,b129~b2,8.6799997e-04
68,b13~b1,8.6799997e-04
69,b13~b2,8.6799997e-04
70,b130~b1,8.6799997e-04
71,b130~b2,8.6799997e-04
72,b131~b1,8.6799997e-04
73,b131~b2,8.6799997e-04
74,b132~b1,8.6799997e-04
75,b132~b2,8.6799997e-04
76,b133~b1,8.6799997e-04
77,b133~b2,8.6799997e-04
78,b134~b1,8.6799997e-04
79,b134~b2,8.6799997e-04
80,b135~b1,8.6799997e-04
81,b135~b2,8.6799997e-04
82,b136~b1,8.6799997e-04
83,b136~b2,8.6799997e-04
84,b137~b1,8.6799997e-04
85,b137~b2,8.6799997e-04
86,b138~b1,8.6799997e-04
87,b138~b2,8.6799997e-04
88,b139~b1,8.6799997e-04
89,b139~b2,8.6799997e-04
90,b14~b1,8.6799997e-04
91,b14~b2,8.6799997e-04
92,b140~b1,8.6799997e-04
93,b140~b2,8.6799997e-04
94,b141~b1,8.6799997e-04
95,b141~b2,8.6799997e-04
96,b142~b1,8.6799997e-04
97,b142~b2,8.6799997e-04
98,b143~b1,8.6799997e-04
99,b143~b2,8.6799997e-04
100,b144~b1,8.6799997e-04
101,b144~b2,8.6799997e-04
102,b145~b1,8.6799997e-04
103,b145~b2,8.6799997e-04
104,b146~b1,8.6799997e-04
105,b146~b2,8.6799997e-04
106,b147~b1,8.6799997e-04
107,b147~b2,8.6799997e-04
108,b148~b1,8.6799997e-04
109,b148~b2,8.6799997e-04
110,b149~b1,8.6799997e-04
111,b149~b2,8.6799997e-04
112,b15~b1,8.6799997e-04
113,b15~b2,8.6799997e-04
114,b150~b1,8.6799997e-04
115,b150~b2,8.6799997e-04
116,b151~b1,8.6799997e-04
117,b151~b2,8.6799997e-04
118,b152~b1,8.6799997e-04
119,b152~b2,8.6799997e-04
120,b153~b1,8.6799997e-04
121,b153~b2,8.6799997e-04
122,b154~b1,8.6799997e-04
123,b154~b2,8.6799997e-04
124,b155~b1,8.6799997e-04
125,b155~b2,8.6799997e-04
126,b156~b1,8.6799997e-04
127,b156~b2,8.6799997e-04
128,b157~b1,8.6799997e-04
129,b157~b2,8.6799997e-04
130,b158~b1,8.6799997e-04
131,b158~b2,8.6799997e-04
132,b159~b1,8.6799997e-04
133,b159~b2,8.6799997e-04
134,b16~b1,8.6799997e-04
135,b16~b2,8.6799997e-04
136,b160~b1,8.6799997e-04
137,b160~b2,8.6799997e-04
138,b161~b1,8.6799997e-04
139,b161~b2,8.6799997e-04
140,b162~b1,8.6799997e-04
141,b162~b2,8.6799997e-04
142,b163~b1,8.6799997e-04
143,b163~b2,8.6799997e-04
144,b164~b1,8.6799997e-04
145,b164~b2,8.6799997e-04
146,b165~b1,8.6799997e-04
147,b165~b2,8.6799997e-04
148,b166~b1,8.6799997e-04
149,b166~b2,8.6799997e-04
150,b167~b1,8.6799997e-04
151,b167~b2,8.6799997e-04
152,b168~b1,8.6799997e-04
153,b168~b2,8.6799997e-04
154,b169~b1,8.6799997e-04
155,b169~b2,8.6799997e-04
156,b17~b1,8.6799997e-04
157,b17~b2,8.6799997e-04
158,b170~b1,8.6799997e-04
159,b170~b2,8.6799997e-04
160,b171~b1,8.6799997e-04
161,b171~b2,8.6799997e-04
162,b172~b1,8.6799997e-04
163,b172~b2,8.6799997e-04
164,b173~b1,8.6799997e-04
165,b173~b2,8.6799997e-04
166,b174~b1,8.6799997e-04
167,b174~b2,8.6799997e-04
168,b175~b1,8.6799997e-04
169,b175~b2,8.6799997e-04
170,b176~b1,8.6799997e-04
171,b176~b2,8.6799997e-04
172,b177~b1,8.6799997e-04
173,b177~b2,8.6799997e-04
174,b178~b1,8.6799997e-04
175,b178~b2,8.6799997e-04
176,b179~b1,8.6799997e-04
177,b179~b2,8.6799997e-04
178,b18~b1,8.6799997e-04
179,b18~b2,8.6799997e-04
180,b180~b1,8.6799997e-04
181,b180~b2,8.6799997e-04
182,b181~b1,8.6799997e-04
183,b181~b2,8.6799997e-04
184,b182~b1,8.6799997e-04
185,b182~b2,8.6799997e-04
186,b183~b1,8.6799997e-04
187,b183~b2,8.6799997e-04
188,b184~b1,8.6799997e-04
189,b184~b2,8.6799997e-04
190,b185~b1,8.6799997e-04
191,b185~b2,8.6799997e-04
192,b186~b1,8.6799997e-04
193,b186~b2,8.6799997e-04
194,b187~b1,8.6799997e-04
195,b187~b2,8.6799997e-04
196,b188~b1,8.6799997e-04
197,b188~b2,8.6799997e-04
198,b189~b1,8.6799997e-04
199,b189~b2,8.6799997e-04
200,b19~b1,8.6799997e-04
201,b19~b2,8.6799997e-04
202,b190~b1,8.6799997e-04
203,b190~b2,8.6799997e-04
204,b191~b1,8.6799997e-04
205,b191~b2,8.6799997e-04
206,b192~b1,8.6799997e-04
207,b192~b2,8.6799997e-04
208,b193~b1,8.6799997e-04
209,b193~b2,8.6799997e-04
210,b194~b1,8.6799997e-04
211,b194~b2,8.6799997e-04
212,b195~b1,8.6799997e-04
213,b195~b2,8.6799997e-04
214,b196~b1,8.6799997e-04
215,b196~b2,8.6799997e-04
216,b197~b1,8.6799997e-04
217,b197~b2,8.6799997e-04
218,b198~b1,8.6799997e-04
219,b198~b2,8.6799997e-04
220,b199~b1,8.6799997e-04
221,b199~b2,8.6799997e-04
222,b2~b1,8.6799997e-04
223,b2~b2,8.6799997e-04
224,b20~b1,8.6799997e-04
225,b20~b2,8.6799997e-04
226,b200~b1,8.6799997e-04
227,b200~b2,8.6799997e-04
228,b201~b1,8.6799997e-04
229,b201~b2,8.6799997e-04
230,b202~b1,8.6799997e-04
231,b202~b2,8.6799997e-04
232,b203~b1,8.6799997e-04
233,b203~b2,8.6799997e-04
234,b204~b1,8.6799997e-04
235,b204~b2,8.6799997e-04
236,b205~b1,8.6799997e-04
237,b205~b2,8.6799997e-04
238,b206~b1,8.6799997e-04
239,b206~b2,8.6799997e-04
240,b207~b1,8.6799997e-04
241,b207~b2,8.6799997e-04
242,b208~b1,8.6799997e-04
243,b208~b2,8.6799997e-04
244,b209~b1,8.6799997e-04
245,b209~b2,8.6799997e-04
246,b21~b1,8.6799997e-04
247,b21~b2,8.6799997e-04
248,b210~b1,8.6799997e-04
249,b210~b2,8.6799997e-04
250,b211~b1,8.6799997e-04
251,b211~b2,8.6799997e-04
252,b212~b1,8.6799997e-04
253,b212~b2,8.6799997e-04
254,b213~b1,8.6799997e-04
255,b213~b2,8.6799997e-04
256,b214~b1,8.6799997e-04
257,b214~b2,8.6799997e-04
258,b215~b1,8.6799997e-04
259,b215~b2,8.6799997e-04
260,b216~b1,8.6799997e-04
261,b216~b2,8.6799997e-04
262,b217~b1,8.6799997e-04
263,b217~b2,8.6799997e-04
264,b218~b1,8.6799997e-04
265,b218~b2,8.6799997e-04
266,b219~b1,8.6799997e-04
267,b219~b2,8.6799997e-04
268,b22~b1,8.6799997e-04
269,b22~b2,8.6799997e-04
270,b220~b1,8.6799997e-04
271,b220~b2,8.6799997e-04
272,b221~b1,8.6799997e-04
273,b221~b2,8.6799997e-04
274,b222~b1,8.6799997e-04
275,b222~b2,8.6799997e-04
276,b223~b1,8.6799997e-04
277,b223~b2,8.6799997e-04
278,b224~b1,8.6799997e-04
279,b224~b2,8.6799997e-04
280,b225~b1,8.6799997e-04
281,b225~b2,8.6799997e-04
282,b226~b1,8.6799997e-04
283,b226~b2,8.6799997e-04
284,b227~b1,8.6799997e-04
285,b227~b2,8.6799997e-04
286,b228~b1,8.6799997e-04
287,b228~b2,8.6799997e-04
288,b229~b1,8.6799997e-04
289,b229~b2,8.6799997e-04
290,b23~b1,8.6799997e-04
291,b23~b2,8.6799997e-04
292,b230~b1,8.6799997e-04
293,b230~b2,8.6799997e-04
294,b231~b1,8.6799997e-04
295,b231~b2,8.6799997e-04
296,b232~b1,8.6799997e-04
297,b232~b2,8.6799997e-04
298,b233~b1,8.6799997e-04
299,b233~b2,8.6799997e-04
300,b234~b1,8.6799997e-04
301,b234~b2,8.6799997e-04
302,b235~b1,8.6799997e-04
303,b235~b2,8.6799997e-04
304,b236~b1,8.6799997e-04
305,b236~b2,8.6799997e-04
306,b237~b1,8.6799997e-04
307,b237~b2,8.6799997e-04
308,b238~b1,8.6799997e-04
309,b238~b2,8.6799997e-04
310,b239~b1,8.6799997e-04
311,b239~b2,8.6799997e-04
312,b24~b1,8.6799997e-04
313,b24~b2,8.6799997e-04
314,b240~b1,8.6799997e-04
315,b240~b2,8.6799997e-04
316,b241~b1,8.6799997e-04
317,b241~b2,8.6799997e-04
318,b242~b1,8.6799997e-04
319,b242~b2,8.6799997e-04
320,b243~b1,8.6799997e-04
321,b243~b2,8.6799997e-04
322,b244~b1,8.6799997e-04
323,b244~b2,8.6799997e-04
324,b245~b1,8.6799997e-04
325,b245~b2,8.6799997e-04
326,b246~b1,8.6799997e-04
327,b246~b2,8.6799997e-04
328,b247~b1,8.6799997e-04
329,b247~b2,8.6799997e-04
330,b248~b1,8.6799997e-04
331,b248~b2,8.6799997e-04
332,b249~b1,8.6799997e-04
333,b249~b2,8.6799997e-04
334,b25~b1,8.6799997e-04
335,b25~b2,8.6799997e-04
336,b250~b1,8.6799997e-04
337,b250~b2,8.6799997e-04
338,b251~b1,8.6799997e-04
339,b251~b2,8.6799997e-04
340,b252~b1,8.6799997e-04
341,b252~b2,8.6799997e-04
342,b253~b1,8.6799997e-04
343,b253~b2,8.6799997e-04
344,b254~b1,8.6799997e-04
345,b254~b2,8.6799997e-04
346,b255~b1,8.6799997e-04
347,b255~b2,8.6799997e-04
348,b256~b1,8.6799997e-04
349,b256~b2,8.6799997e-04
350,b257~b1,8.6799997e-04
351,b257~b2,8.6799997e-04
352,b258~b1,8.6799997e-04
353,b258~b2,8.6799997e-04
354,b259~b1,8.6799997e-04
355,b259~b2,8.6799997e-04
356,b26~b1,8.6799997e-04
357,b26~b2,8.6799997e-04
358,b260~b1,8.6799997e-04
359,b260~b2,8.6799997e-04
360,b261~b1,8.6799997e-04
361,b261~b2,8.6799997e-04
362,b262~b1,8.6799997e-04
363,b262~b2,8.6799997e-04
364,b263~b1,8.6799997e-04
365,b263~b2,8.6799997e-04
366,b264~b1,8.6799997e-04
367,b264~b2,8.6799997e-04
368,b265~b1,8.6799997e-04
369,b265~b2,8.6799997e-04
370,b266~b1,8.6799997e-04
371,b266~b2,8.6799997e-04
372,b267~b1,8.6799997e-04
373,b267~b2,8.6799997e-04
374,b268~b1,8.6799997e-04
375,b268~b2,8.6799997e-04
376,b269~b1,8.6799997e-04
377,b269~b2,8.6799997e-04
378,b27~b1,8.6799997e-04
379,b27~b2,8.6799997e-04
380,b270~b1,8.6799997e-04
381,b270~b2,8.6799997e-04
382,b271~b1,8.6799997e-04
383,b271~b2,8.6799997e-04
384,b272~b1,8.6799997e-04
385,b272~b2,8.6799997e-04
386,b273~b1,8.6799997e-04
387,b273~b2,8.6799997e-04
388,b274~b1,8.6799997e-04
389,b274~b2,8.6799997e-04
390,b275~b1,8.6799997e-04
391,b275~b2,8.6799997e-04
392,b276~b1,8.6799997e-04
393,b276~b2,8.6799997e-04
394,b277~b1,8.6799997e-04
395,b277~b2,8.6799997e-04
396,b278~b1,8.6799997e-04
397,b278~b2,8.6799997e-04
398,b279~b1,8.6799997e-04
399,b279~b2,8.6799997e-04
400,b28~b1,8.6799997e-04
401,b28~b2,8.6799997e-04
402,b280~b1,8.6799997e-04
403,b280~b2,8.6799997e-04
404,b281~b1,8.6799997e-04
405,b281~b2,8.6799997e-04
406,b282~b1,8.6799997e-04
407,b282~b2,8.6799997e-04
408,b283~b1,8.6799997e-04
409,b283~b2,8.6799997e-04
410,b284~b1,8.6799997e-04
411,b284~b2,8.6799997e-04
412,b285~b1,8.6799997e-04
413,b285~b2,8.6799997e-04
414,b286~b1,8.6799997e-04
415,b286~b2,8.6799997e-04
416,b287~b1,8.6799997e-04
417,b287~b2,8.6799997e-04
418,b288~b1,8.6799997e-04
419,b288~b2,8.6799997e-04
420,b289~b1,8.6799997e-04
421,b289~b2,8.6799997e-04
422,b29~b1,8.6799997e-04
423,b29~b2,8.6799997e-04
424,b290~b1,8.6799997e-04
425,b290~b2,8.6799997e-04
426,b291~b1,8.6799997e-04
427,b291~b2,8.6799997e-04
428,b292~b1,8.6799997e-04
429,b292~b2,8.6799997e-04
430,b293~b1,8.6799997e-04
431,b293~b2,8.6799997e-04
432,b294~b1,8.6799997e-04
433,b294~b2,8.6799997e-04
434,b295~b1,8.6799997e-04
435,b295~b2,8.6799997e-04
436,b296~b1,8.6799997e-04
437,b296~b2,8.6799997e-04
438,b297~b1,8.6799997e-04
439,b297~b2,8.6799997e-04
440,b298~b1,8.6799997e-04
441,b298~b2,8.6799997e-04
442,b299~b1,8.6799997e-04
443,b299~b2,8.6799997e-04
444,b3~b1,8.6799997e-04
445,b3~b2,8.6799997e-04
446,b30~b1,8.6799997e-04
447,b30~b2,8.6799997e-04
448,b300~b1,8.6799997e-04
449,b300~b2,8.6799997e-04
450,b301~b1,8.6799997e-04
451,b301~b2,8.6799997e-04
452,b302~b1,8.6799997e-04
453,b302~b2,8.6799997e-04
454,b303~b1,8.6799997e-04
455,b303~b2,8.6799997e-04
456,b304~b1,8.6799997e-04
457,b304~b2,8.6799997e-04
458,b305~b1,8.6799997e-04
459,b305~b2,8.6799997e-04
460,b306~b1,8.6799997e-04
461,b306~b2,8.6799997e-04
462,b307~b1,8.6799997e-04
463,b307~b2,8.6799997e-04
464,b308~b1,8.6799997e-04
465,b308~b2,8.6799997e-04
466,b309~b1,8.6799997e-04
467,b309~b2,8.6799997e-04
468,b31~b1,8.6799997e-04
469,b31~b2,8.6799997e-04
470,b310~b1,8.6799997e-04
471,b310~b2,8.6799997e-04
472,b311~b1,8.6799997e-04
473,b311~b2,8.6799997e-04
474,b312~b1,8.6799997e-04
475,b312~b2,8.6799997e-04
476,b313~b1,8.6799997e-04
477,b313~b2,8.6799997e-04
478,b314~b1,8.6799997e-04
479,b314~b2,8.6799997e-04
480,b315~b1,8.6799997e-04
481,b315~b2,8.6799997e-04
482,b316~b1,8.6799997e-04
483,b316~b2,8.6799997e-04
484,b317~b1,8.6799997e-04
485,b317~b2,8.6799997e-04
486,b318~b1,8.6799997e-04
487,b318~b2,8.6799997e-04
488,b319~b1,8.6799997e-04
489,b319~b2,8.6799997e-04
490,b32~b1,8.6799997e-04
491,b32~b2,8.6799997e-04
492,b320~b1,8.6799997e-04
493,b320~b2,8.6799997e-04
494,b321~b1,8.6799997e-04
495,b321~b2,8.6799997e-04
496,b322~b1,8.6799997e-04
497,b322~b2,8.6799997e-04
498,b323~b1,8.6799997e-04
499,b323~b2,8.6799997e-04
500,b324~b1,8.6799997e-04
501,b324~b2,8.6799997e-04
502,b325~b1,8.6799997e-04
503,b325~b2,8.6799997e-04
504,b326~b1,8.6799997e-04
505,b326~b2,8.6799997e-04
506,b327~b1,8.6799997e-04
507,b327~b2,8.6799997e-04
508,b328~b1,8.6799997e-04
509,b328~b2,8.6799997e-04
510,b329~b1,8.6799997e-04
511,b329~b2,8.6799997e-04
512,b33~b1,8.6799997e-04
513,b33~b2,8.6799997e-04
514,b330~b1,8.6799997e-04
515,b330~b2,8.6799997e-04
516,b331~b1,8.6799997e-04
517,b331~b2,8.6799997e-04
518,b332~b1,8.6799997e-04
519,b332~b2,8.6799997e-04
520,b333~b1,8.6799997e-04
521,b333~b2,8.6799997e-04
522,b334~b1,8.6799997e-04
523,b334~b2,8.6799997e-04
524,b335~b1,8.6799997e-04
525,b335~b2,8.6799997e-04
526,b336~b1,8.6799997e-04
527,b336~b2,8.6799997e-04
528,b337~b1,8.6799997e-04
529,b337~b2,8.6799997e-04
530,b338~b1,8.6799997e-04
531,b338~b2,8.6799997e-04
532,b339~b1,8.6799997e-04
533,b339~b2,8.6799997e-04
534,b34~b1,8.6799997e-04
535,b34~b2,8.6799997e-04
536,b340~b1,8.6799997e-04
537,b340~b2,8.6799997e-04
538,b341~b1,8.6799997e-04
539,b341~b2,8.6799997e-04
540,b342~b1,8.6799997e-04
541,b342~b2,8.6799997e-04
542,b343~b1,8.6799997e-04
543,b343~b2,8.6799997e-04
544,b344~b1,8.6799997e-04
545,b344~b2,8.6799997e-04
546,b345~b1,8.6799997e-04
547,b345~b2,8.6799997e-04
548,b346~b1,8.6799997e-04
549,b346~b2,8.6799997e-04
550,b347~b1,8.6799997e-04
551,b347~b2,8.6799997e-04
552,b348~b1,8.6799997e-04
553,b348~b2,8.6799997e-04
554,b349~b1,8.6799997e-04
555,b349~b2,8.6799997e-04
556,b35~b1,8.6799997e-04
557,b35~b2,8.6799997e-04
558,b350~b1,8.6799997e-04
559,b350~b2,8.6799997e-04
560,b351~b1,8.6799997e-04
561,b351~b2,8.6799997e-04
562,b352~b1,8.6799997e-04
563,b352~b2,8.6799997e-04
564,b353~b1,8.6799997e-04
565,b353~b2,8.6799997e-04
566,b354~b1,8.6799997e-04
567,b354~b2,8.6799997e-04
568,b355~b1,8.6799997e-04
569,b355~b2,8.6799997e-04
570,b356~b1,8.6799997e-04
571,b356~b2,8.6799997e-04
572,b357~b1,8.6799997e-04
573,b357~b2,8.6799997e-04
574,b358~b1,8.6799997e-04
575,b358~b2,8.6799997e-04
576,b359~b1,8.6799997e-04
577,b359~b2,8.6799997e-04
578,b36~b1,8.6799997e-04
579,b36~b2,8.6799997e-04
580,b360~b1,8.6799997e-04
581,b360~b2,8.6799997e-04
582,b361~b1,8.6799997e-04
583,b361~b2,8.6799997e-04
584,b362~b1,8.6799997e-04
585,b362~b2,8.6799997e-04
586,b363~b1,8.6799997e-04
587,b363~b2,8.6799997e-04
588,b364~b1,8.6799997e-04
589,b364~b2,8.6799997e-04
590,b365~b1,8.6799997e-04
591,b365~b2,8.6799997e-04
592,b366~b1,8.6799997e-04
593,b366~b2,8.6799997e-04
594,b367~b1,8.6799997e-04
595,b367~b2,8.6799997e-04
596,b368~b1,8.6799997e-04
597,b368~b2,8.6799997e-04
598,b369~b1,8.6799997e-04
599,b369~b2,8.6799997e-04
600,b37~b1,8.6799997e-04
601,b37~b2,8.6799997e-04
602,b370~b1,8.6799997e-04
603,b370~b2,8.6799997e-04
604,b371~b1,8.6799997e-04
605,b371~b2,8.6799997e-04
606,b372~b1,8.6799997e-04
607,b372~b2,8.6799997e-04
608,b373~b1,8.6799997e-04
609,b373~b2,8.6799997e-04
610,b374~b1,8.6799997e-04
611,b374~b2,8.6799997e-04
612,b375~b1,8.6799997e-04
613,b375~b2,8.6799997e-04
614,b376~b1,8.6799997e-04
615,b376~b2,8.6799997e-04
616,b377~b1,8.6799997e-04
617,b377~b2,8.6799997e-04
618,b378~b1,8.6799997e-04
619,b378~b2,8.6799997e-04
620,b379~b1,8.6799997e-04
621,b379~b2,8.6799997e-04
622,b38~b1,8.6799997e-04
623,b38~b2,8.6799997e-04
624,b380~b1,8.6799997e-04
625,b380~b2,8.6799997e-04
626,b381~b1,8.6799997e-04
627,b381~b2,8.6799997e-04
628,b382~b1,8.6799997e-04
629,b382~b2,8.6799997e-04
630,b383~b1,8.6799997e-04
631,b383~b2,8.6799997e-04
632,b384~b1,8.6799997e-04
633,b384~b2,8.6799997e-04
634,b385~b1,8.6799997e-04
635,b385~b2,8.6799997e-04
636,b386~b1,8.6799997e-04
637,b386~b2,8.6799997e-04
638,b387~b1,8.6799997e-04
639,b387~b2,8.6799997e-04
640,b388~b1,8.6799997e-04
641,b388~b2,8.6799997e-04
642,b389~b1,8.6799997e-04
643,b389~b2,8.6799997e-04
644,b39~b1,8.6799997e-04
645,b39~b2,8.6799997e-04
646,b390~b1,8.6799997e-04
647,b390~b2,8.6799997e-04
648,b391~b1,8.6799997e-04
649,b391~b2,8.6799997e-04
650,b392~b1,8.6799997e-04
651,b392~b2,8.6799997e-04
652,b393~b1,8.6799997e-04
653,b393~b2,8.6799997e-04
654,b394~b1,8.6799997e-04
655,b394~b2,8.6799997e-04
656,b395~b1,8.6799997e-04
657,b395~b2,8.6799997e-04
658,b396~b1,8.6799997e-04
659,b396~b2,8.6799997e-04
660,b397~b1,8.6799997e-04
661,b397~b2,8.6799997e-04
662,b398~b1,8.6799997e-04
663,b398~b2,8.6799997e-04
664,b399~b1,8.6799997e-04
665,b399~b2,8.6799997e-04
666,b4~b1,8.6799997e-04
667,b4~b2,8.6799997e-04
668,b40~b1,8.6799997e-04
669,b40~b2,8.6799997e-04
670,b400~b1,8.6799997e-04
671,b400~b2,8.6799997e-04
672,b401~b1,8.6799997e-04
673,b401~b2,8.6799997e-04
674,b402~b1,8.6799997e-04
675,b402~b2,8.6799997e-04
676,b403~b1,8.6799997e-04
677,b403~b2,8.6799997e-04
678,b404~b1,8.6799997e-04
679,b404~b2,8.6799997e-04
680,b405~b1,8.6799997e-04
681,b405~b2,8.6799997e-04
682,b406~b1,8.6799997e-04
683,b406~b2,8.6799997e-04
684,b407~b1,8.6799997e-04
685,b407~b2,8.6799997e-04
686,b408~b1,8.6799997e-04
687,b408~b2,8.6799997e-04
688,b409~b1,8.6799997e-04
689,b409~b2,8.6799997e-04
690,b41~b1,8.6799997e-04
691,b41~b2,8.6799997e-04
692,b410~b1,8.6799997e-04
693,b410~b2,8.6799997e-04
694,b411~b1,8.6799997e-04
695,b411~b2,8.6799997e-04
696,b412~b1,8.6799997e-04
697,b412~b2,8.6799997e-04
698,b413~b1,8.6799997e-04
699,b413~b2,8.6799997e-04
700,b414~b1,8.6799997e-04
701,b414~b2,8.6799997e-04
702,b415~b1,8.6799997e-04
703,b415~b2,8.6799997e-04
704,b416~b1,8.6799997e-04
705,b416~b2,8.6799997e-04
706,b417~b1,8.6799997e-04
707,b417~b2,8.6799997e-04
708,b418~b1,8.6799997e-04
709,b418~b2,8.6799997e-04
710,b419~b1,8.6799997e-04
711,b419~b2,8.6799997e-04
712,b42~b1,8.6799997e-04
713,b42~b2,8.6799997e-04
714,b420~b1,8.6799997e-04
715,b420~b2,8.6799997e-04
716,b421~b1,8.6799997e-04
717,b421~b2,8.6799997e-04
718,b422~b1,8.6799997e-04
719,b422~b2,8.6799997e-04
720,b423~b1,8.6799997e-04
721,b423~b2,8.6799997e-04
722,b424~b1,8.6799997e-04
723,b424~b2,8.6799997e-04
724,b425~b1,8.6799997e-04
725,b425~b2,8.6799997e-04
726,b426~b1,8.6799997e-04
727,b426~b2,8.6799997e-04
728,b427~b1,8.6799997e-04
729,b427~b2,8.6799997e-04
730,b428~b1,8.6799997e-04
731,b428~b2,8.6799997e-04
732,b429~b1,8.6799997e-04
733,b429~b2,8.6799997e-04
734,b43~b1,8.6799997e-04
735,b43~b2,8.6799997e-04
736,b430~b1,8.6799997e-04
737,b430~b2,8.6799997e-04
738,b431~b1,8.6799997e-04
739,b431~b2,8.6799997e-04
740,b432~b1,8.6799997e-04
741,b432~b2,8.6799997e-04
742,b433~b1,8.6799997e-04
743,b433~b2,8.6799997e-04
744,b434~b1,8.6799997e-04
745,b434~b2,8.6799997e-04
746,b435~b1,8.6799997e-04
747,b435~b2,8.6799997e-04
748,b436~b1,8.6799997e-04
749,b436~b2,8.6799997e-04
750,b437~b1,8.6799997e-04
751,b437~b2,8.6799997e-04
752,b438~b1,8.6799997e-04
753,b438~b2,8.6799997e-04
754,b439~b1,8.6799997e-04
755,b439~b2,8.6799997e-04
756,b44~b1,8.6799997e-04
757,b44~b2,8.6799997e-04
758,b440~b1,8.6799997e-04
759,b440~b2,8.6799997e-04
760,b441~b1,8.6799997e-04
761,b441~b2,8.6799997e-04
762,b442~b1,8.6799997e-04
763,b442~b2,8.6799997e-04
764,b443~b1,8.6799997e-04
765,b443~b2,8.6799997e-04
766,b444~b1,8.6799997e-04
767,b444~b2,8.6799997e-04
768,b445~b1,8.6799997e-04
769,b445~b2,8.6799997e-04
770,b446~b1,8.6799997e-04
771,b446~b2,8.6799997e-04
772,b447~b1,8.6799997e-04
773,b447~b2,8.6799997e-04
774,b448~b1,8.6799997e-04
775,b448~b2,8.6799997e-04
776,b449~b1,8.6799997e-04
777,b449~b2,8.6799997e-04
778,b45~b1,8.6799997e-04
779,b45~b2,8.6799997e-04
780,b450~b1,8.6799997e-04
781,b450~b2,8.6799997e-04
782,b451~b1,8.6799997e-04
783,b451~b2,8.6799997e-04
784,b452~b1,8.6799997e-04
785,b452~b2,8.6799997e-04
786,b453~b1,8.6799997e-04
787,b453~b2,8.6799997e-04
788,b454~b1,8.6799997e-04
789,b454~b2,8.6799997e-04
790,b455~b1,8.6799997e-04
791,b455~b2,8.6799997e-04
792,b456~b1,8.6799997e-04
793,b456~b2,8.6799997e-04
794,b457~b1,8.6799997e-04
795,b457~b2,8.6799997e-04
796,b458~b1,8.6799997e-04
797,b458~b2,8.6799997e-04
798,b459~b1,8.6799997e-04
799,b459~b2,8.6799997e-04
800,b46~b1,8.6799997e-04
801,b46~b2,8.6799997e-04
802,b460~b1,8.6799997e-04
803,b460~b2,8.6799997e-04
804,b461~b1,8.6799997e-04
805,b461~b2,8.6799997e-04
806,b462~b1,8.6799997e-04
807,b462~b2,8.6799997e-04
808,b463~b1,8.6799997e-04
809,b463~b2,8.6799997e-04
810,b464~b1,8.6799997e-04
811,b464~b2,8.6799997e-04
812,b465~b1,8.6799997e-04
813,b465~b2,8.6799997e-04
814,b466~b1,8.6799997e-04
815,b466~b2,8.6799997e-04
816,b467~b1,8.6799997e-04
817,b467~b2,8.6799997e-04
818,b468~b1,8.6799997e-04
819,b468~b2,8.6799997e-04
820,b469~b1,8.6799997e-04
821,b469~b2,8.6799997e-04
822,b47~b1,8.6799997e-04
823,b47~b2,8.6799997e-04
824,b470~b1,8.6799997e-04
825,b470~b2,8.6799997e-04
826,b471~b1,8.6799997e-04
827,b471~b2,8.6799997e-04
828,b472~b1,8.6799997e-04
829,b472~b2,8.6799997e-04
830,b473~b1,8.6799997e-04
831,b473~b2,8.6799997e-04
832,b474~b1,8.6799997e-04
833,b474~b2,8.6799997e-04
834,b475~b1,8.6799997e-04
835,b475~b2,8.6799997e-04
836,b476~b1,8.6799997e-04
837,b476~b2,8.6799997e-04
838,b477~b1,8.6799997e-04
839,b477~b2,8.6799997e-04
840,b478~b1,8.6799997e-04
841,b478~b2,8.6799997e-04
842,b479~b1,8.6799997e-04
843,b479~b2,8.6799997e-04
844,b48~b1,8.6799997e-04
845,b48~b2,8.6799997e-04
846,b480~b1,8.6799997e-04
847,b480~b2,8.6799997e-04
848,b481~b1,8.6799997e-04
849,b481~b2,8.6799997e-04
850,b482~b1,8.6799997e-04
851,b482~b2,8.6799997e-04
852,b483~b1,8.6799997e-04
853,b483~b2,8.6799997e-04
854,b484~b1,8.6799997e-04
855,b484~b2,8.6799997e-04
856,b485~b1,8.6799997e-04
857,b485~b2,8.6799997e-04
858,b486~b1,8.6799997e-04
859,b486~b2,8.6799997e-04
860,b487~b1,8.6799997e-04
861,b487~b2,8.6799997e-04
862,b488~b1,8.6799997e-04
863,b488~b2,8.6799997e-04
864,b489~b1,8.6799997e-04
865,b489~b2,8.6799997e-04
866,b49~b1,8.6799997e-04
867,b49~b2,8.6799997e-04
868,b490~b1,8.6799997e-04
869,b490~b2,8.6799997e-04
870,b491~b1,8.6799997e-04
871,b491~b2,8.6799997e-04
872,b492~b1,8.6799997e-04
873,b492~b2,8.6799997e-04
874,b493~b1,8.6799997e-04
875,b493~b2,8.6799997e-04
876,b494~b1,8.6799997e-04
877,b494~b2,8.6799997e-04
878,b495~b1,8.6799997e-04
879,b495~b2,8.6799997e-04
880,b496~b1,8.6799997e-04
881,b496~b2,8.6799997e-04
882,b497~b1,8.6799997e-04
883,b497~b2,8.6799997e-04
884,b498~b1,8.6799997e-04
885,b498~b2,8.6799997e-04
886,b499~b1,8.6799997e-04
887,b499~b2,8.6799997e-04
888,b5~b1,8.6799997e-04
889,b5~b2,8.6799997e-04
890,b50~b1,8.6799997e-04
891,b50~b2,8.6799997e-04
892,b500~b1,8.6799997e-04
893,b500~b2,8.6799997e-04
894,b501~b1,8.6799997e-04
895,b501~b2,8.6799997e-04
896,b502~b1,8.6799997e-04
897,b502~b2,8.6799997e-04
898,b503~b1,8.6799997e-04
899,b503~b2,8.6799997e-04
900,b504~b1,8.6799997e-04
901,b504~b2,8.6799997e-04
902,b505~b1,8.6799997e-04
903,b505~b2,8.6799997e-04
904,b506~b1,8.6799997e-04
905,b506~b2,8.6799997e-04
906,b507~b1,8.6799997e-04
907,b507~b2,8.6799997e-04
908,b508~b1,8.6799997e-04
909,b508~b2,8.6799997e-04
910,b509~b1,8.6799997e-04
911,b509~b2,8.6799997e-04
912,b51~b1,8.6799997e-04
913,b51~b2,8.6799997e-04
914,b510~b1,8.6799997e-04
915,b510~b2,8.6799997e-04
916,b511~b1,8.6799997e-04
917,b511~b2,8.6799997e-04
918,b512~b1,8.6799997e-04
919,b512~b2,8.6799997e-04
920,b513~b1,8.6799997e-04
921,b513~b2,8.6799997e-04
922,b514~b1,8.6799997e-04
923,b514~b2,8.6799997e-04
924,b515~b1,8.6799997e-04
925,b515~b2,8.6799997e-04
926,b516~b1,8.6799997e-04
927,b516~b2,8.6799997e-04
928,b517~b1,8.6799997e-04
929,b517~b2,8.6799997e-04
930,b518~b1,8.6799997e-04
931,b518~b2,8.6799997e-04
932,b519~b1,8.6799997e-04
933,b519~b2,8.6799997e-04
934,b52~b1,8.6799997e-04
935,b52~b2,8.6799997e-04
936,b520~b1,8.6799997e-04
937,b520~b2,8.6799997e-04
938,b521~b1,8.6799997e-04
939,b521~b2,8.6799997e-04
940,b522~b1,8.6799997e-04
941,b522~b2,8.6799997e-04
942,b523~b1,8.6799997e-04
943,b523~b2,8.6799997e-04
944,b524~b1,8.6799997e-04
945,b524~b2,8.6799997e-04
946,b525~b1,8.6799997e-04
947,b525~b2,8.6799997e-04
948,b526~b1,8.6799997e-04
949,b526~b2,8.6799997e-04
950,b527~b1,8.6799997e-04
951,b527~b2,8.6799997e-04
952,b528~b1,8.6799997e-04
953,b528~b2,8.6799997e-04
954,b529~b1,8.6799997e-04
955,b529~b2,8.6799997e-04
956,b53~b1,8.6799997e-04
957,b53~b2,8.6799997e-04
958,b530~b1,8.6799997e-04
959,b530~b2,8.6799997e-04
960,b531~b1,8.6799997e-04
961,b531~b2,8.6799997e-04
962,b532~b1,8.6799997e-04
963,b532~b2,8.6799997e-04
964,b533~b1,8.6799997e-04
965,b533~b2,8.6799997e-04
966,b534~b1,8.6799997e-04
967,b534~b2,8.6799997e-04
968,b535~b1,8.6799997e-04
969,b535~b2,8.6799997e-04
970,b536~b1,8.6799997e-04
971,b536~b2,8.6799997e-04
972,b537~b1,8.6799997e-04
973,b537~b2,8.6799997e-04
974,b538~b1,8.6799997e-04
975,b538~b2,8.6799997e-04
976,b539~b1,8.6799997e-04
977,b539~b2,8.6799997e-04
978,b54~b1,8.6799997e-04
979,b54~b2,8.6799997e-04
980,b540~b1,8.6799997e-04
981,b540~b2,8.6799997e-04
982,b541~b1,8.6799997e-04
983,b541~b2,8.6799997e-04
984,b542~b1,8.6799997e-04
985,b542~b2,8.6799997e-04
986,b543~b1,8.6799997e-04
987,b543~b2,8.6799997e-04
988,b544~b1,8.6799997e-04
989,b544~b2,8.6799997e-04
990,b545~b1,8.6799997e-04
991,b545~b2,8.6799997e-04
992,b546~b1,8.6799997e-04
993,b546~b2,8.6799997e-04
994,b547~b1,8.6799997e-04
995,b547~b2,8.6799997e-04
996,b548~b1,8.6799997e-04
997,b548~b2,8.6799997e-04
998,b549~b1,8.6799997e-04
999,b549~b2,8.6799997e-04
1000,b55~b1,8.6799997e-04
1001,b55~b2,8.6799997e-04
1002,b550~b1,8.6799997e-04
1003,b550~b2,8.6799997e-04
1004,b551~b1,8.6799997e-04
1005,b551~b2,8.6799997e-04
1006,b552~b1,8.6799997e-04
1007,b552~b2,8.6799997e-04
1008,b553~b1,8.6799997e-04
1009,b553~b2,8.6799997e-04
1010,b554~b1,8.6799997e-04
1011,b554~b2,8.6799997e-04
1012,b555~b1,8.6799997e-04
1013,b555~b2,8.6799997e-04
1014,b556~b1,8.6799997e-04
1015,b556~b2,8.6799997e-04
1016,b557~b1,8.6799997e-04
1017,b557~b2,8.6799997e-04
1018,b558~b1,8.6799997e-04
1019,b558~b2,8.6799997e-04
1020,b559~b1,8.6799997e-04
1021,b559~b2,8.6799997e-04
1022,b56~b1,8.6799997e-04
1023,b56~b2,8.6799997e-04
1024,b560~b1,8.6799997e-04
1025,b560~b2,8.6799997e-04
1026,b561~b1,8.6799997e-04
1027,b561~b2,8.6799997e-04
1028,b562~b1,8.6799997e-04
1029,b562~b2,8.6799997e-04
1030,b563~b1,8.6799997e-04
1031,b563~b2,8.6799997e-04
1032,b564~b1,8.6799997e-04
1033,b564~b2,8.6799997e-04
1034,b565~b1,8.6799997e-04
1035,b565~b2,8.6799997e-04
1036,b566~b1,8.6799997e-04
1037,b566~b2,8.6799997e-04
1038,b567~b1,8.6799997e-04
1039,b567~b2,8.6799997e-04
1040,b568~b1,8.6799997e-04
1041,b568~b2,8.6799997e-04
1042,b569~b1,8.6799997e-04
1043,b569~b2,8.6799997e-04
1044,b57~b1,8.6799997e-04
1045,b57~b2,8.6799997e-04
1046,b570~b1,8.6799997e-04
1047,b570~b2,8.6799997e-04
1048,b571~b1,8.6799997e-04
1049,b571~b2,8.6799997e-04
1050,b572~b1,8.6799997e-04
1051,b572~b2,8.6799997e-04
1052,b573~b1,8.6799997e-04
1053,b573~b2,8.6799997e-04
1054,b574~b1,8.6799997e-04
1055,b574~b2,8.6799997e-04
1056,b575~b1,8.6799997e-04
1057,b575~b2,8.6799997e-04
1058,b576~b1,8.9999998e-04
1059,b576~b2,8.9999998e-04
1060,b58~b1,8.6799997e-04
1061,b58~b2,8.6799997e-04
1062,b59~b1,8.6799997e-04
1063,b59~b2,8.6799997e-04
1064,b6~b1,8.6799997e-04
1065,b6~b2,8.6799997e-04
1066,b60~b1,8.6799997e-04
1067,b60~b2,8.6799997e-04
1068,b61~b1,8.6799997e-04
1069,b61~b2,8.6799997e-04
1070,b62~b1,8.6799997e-04
1071,b62~b2,8.6799997e-04
1072,b63~b1,8.6799997e-04
1073,b63~b2,8.6799997e-04
1074,b64~b1,8.6799997e-04
1075,b64~b2,8.6799997e-04
1076,b65~b1,8.6799997e-04
1077,b65~b2,8.6799997e-04
1078,b66~b1,8.6799997e-04
1079,b66~b2,8.6799997e-04
1080,b67~b1,8.6799997e-04
1081,b67~b2,8.6799997e-04
1082,b68~b1,8.6799997e-04
1083,b68~b2,8.6799997e-04
1084,b69~b1,8.6799997e-04
1085,b69~b2,8.6799997e-04
1086,b7~b1,8.6799997e-04
1087,b7~b2,8.6799997e-04
1088,b70~b1,8.6799997e-04
1089,b70~b2,8.6799997e-04
1090,b71~b1,8.6799997e-04
1091,b71~b2,8.6799997e-04
1092,b72~b1,8.6799997e-04
1093,b72~b2,8.6799997e-04
1094,b73~b1,8.6799997e-04
1095,b73~b2,8.6799997e-04
1096,b74~b1,8.6799997e-04
1097,b74~b2,8.6799997e-04
1098,b75~b1,8.6799997e-04
1099,b75~b2,8.6799997e-04
1100,b76~b1,8.6799997e-04
1101,b76~b2,8.6799997e-04
1102,b77~b1,8.6799997e-04
1103,b77~b2,8.6799997e-04
1104,b78~b1,8.6799997e-04
1105,b78~b2,8.6799997e-04
1106,b79~b1,8.6799997e-04
1107,b79~b2,8.6799997e-04
1108,b8~b1,8.6799997e-04
1109,b8~b2,8.6799997e-04
1110,b80~b1,8.6799997e-04
1111,b80~b2,8.6799997e-04
1112,b81~b1,8.6799997e-04
1113,b81~b2,8.6799997e-04
1114,b82~b1,8.6799997e-04
1115,b82~b2,8.6799997e-04
1116,b83~b1,8.6799997e-04
1117,b83~b2,8.6799997e-04
1118,b84~b1,8.6799997e-04
1119,b84~b2,8.6799997e-04
1120,b85~b1,8.6799997e-04
1121,b85~b2,8.6799997e-04
1122,b86~b1,8.6799997e-04
1123,b86~b2,8.6799997e-04
1124,b87~b1,8.6799997e-04
1125,b87~b2,8.6799997e-04
1126,b88~b1,8.6799997e-04
1127,b88~b2,8.6799997e-04
1128,b89~b1,8.6799997e-04
1129,b89~b2,8.6799997e-04
1130,b9~b1,8.6799997e-04
1131,b9~b2,8.6799997e-04
1132,b90~b1,8.6799997e-04
1133,b90~b2,8.6799997e-04
1134,b91~b1,8.6799997e-04
1135,b91~b2,8.6799997e-04
1136,b92~b1,8.6799997e-04
1137,b92~b2,8.6799997e-04
1138,b93~b1,8.6799997e-04
1139,b93~b2,8.6799997e-04
1140,b94~b1,8.6799997e-04
1141,b94~b2,8.6799997e-04
1142,b95~b1,8.6799997e-04
1143,b95~b2,8.6799997e-04
1144,b96~b1,8.6799997e-04
1145,b96~b2,8.6799997e-04
1146,b97~b1,8.6799997e-04
1147,b97~b2,8.6799997e-04
1148,b98~b1,8.6799997e-04
1149,b98~b2,8.6799997e-04
1150,b99~b1,8.6799997e-04
1151,b99~b2,8.6799997e-04
